<?xml version="1.0"?>
<doc>
    <assembly>
        <name>MahApps.Metro.IconPacks.Microns</name>
    </assembly>
    <members>
        <member name="M:MahApps.Metro.IconPacks.Converter.PackIconMicronsKindToImageConverter.GetPathData(System.Object)">
            <inheritdoc />
        </member>
        <member name="T:MahApps.Metro.IconPacks.PackIconMicrons">
            <summary>
            The Microns icons are licensed under [CC BY-SA](<see><cref>https://creativecommons.org/licenses/by-sa/3.0/</cref></see>) licence.
            Contributions, corrections and requests can be made on GitHub <see><cref>https://github.com/stephenhutchings/microns</cref></see>.
            </summary>
        </member>
        <member name="P:MahApps.Metro.IconPacks.PackIconMicrons.Kind">
            <summary>
            Gets or sets the icon to display.
            </summary>
        </member>
        <member name="T:MahApps.Metro.IconPacks.PackIconMicronsDataFactory">
            ******************************************
            This code is auto generated. Do not amend.
            ******************************************
        </member>
        <member name="M:MahApps.Metro.IconPacks.MicronsImageExtension.GetPathData(System.Object)">
            <inheritdoc />
        </member>
        <member name="T:MahApps.Metro.IconPacks.PackIconMicronsKind">
            ******************************************
            This code is auto generated. Do not amend.
            ******************************************
            <summary>
            List of available icons for use with <see cref="T:MahApps.Metro.IconPacks.PackIconMicrons" />.
            </summary>
            <remarks>
            The Microns icons are licensed under [CC BY-SA](<see><cref>https://creativecommons.org/licenses/by-sa/3.0/</cref></see>) licence.
            Contributions, corrections and requests can be made on GitHub <see><cref>https://github.com/stephenhutchings/microns</cref></see>.
            </remarks>
        </member>
    </members>
</doc>
