<?xml version="1.0"?>
<doc>
    <assembly>
        <name>MahApps.Metro.IconPacks</name>
    </assembly>
    <members>
        <member name="M:MahApps.Metro.IconPacks.Converter.PackIconKindToImageConverter.GetPathData(System.Object)">
            <inheritdoc />
        </member>
        <member name="M:MahApps.Metro.IconPacks.Converter.PackIconKindToImageConverter.GetScaleTransform(System.Object)">
            <inheritdoc />
        </member>
        <member name="M:MahApps.Metro.IconPacks.Converter.PackIconKindToImageConverter.GetDrawingGroup(System.Object,System.Windows.Media.Brush,System.String)">
            <inheritdoc />
        </member>
        <member name="T:MahApps.Metro.IconPacks.PackIconControl">
            <summary>
            </summary>
        </member>
        <member name="P:MahApps.Metro.IconPacks.PackIconControl.Kind">
            <summary>
            Gets or sets the icon to display.
            </summary>
        </member>
        <member name="T:MahApps.Metro.IconPacks.PackIconControlDataFactory">
            ******************************************
            This code is auto generated. Do not amend.
            ******************************************
        </member>
        <member name="M:MahApps.Metro.IconPacks.PackIconImageExtension.GetPathData(System.Object)">
            <inheritdoc />
        </member>
        <member name="M:MahApps.Metro.IconPacks.PackIconImageExtension.GetScaleTransform(System.Object)">
            <inheritdoc />
        </member>
        <member name="M:MahApps.Metro.IconPacks.PackIconImageExtension.GetDrawingGroup(System.Object,System.Windows.Media.Brush,System.String)">
            <inheritdoc />
        </member>
    </members>
</doc>
