<?xml version="1.0"?>
<doc>
    <assembly>
        <name>MahApps.Metro.IconPacks.FontAwesome</name>
    </assembly>
    <members>
        <member name="M:MahApps.Metro.IconPacks.Converter.PackIconFontAwesomeKindToImageConverter.GetPathData(System.Object)">
            <inheritdoc />
        </member>
        <member name="T:MahApps.Metro.IconPacks.PackIconFontAwesome">
            <summary>
            All icons sourced from Font Awesome Free <see><cref>https://fontawesome.com/</cref></see> - License <see><cref>https://fontawesome.com/license/free</cref></see>
            GitHub <see><cref>https://github.com/FortAwesome/Font-Awesome</cref></see>
            </summary>
        </member>
        <member name="P:MahApps.Metro.IconPacks.PackIconFontAwesome.Kind">
            <summary>
            Gets or sets the icon to display.
            </summary>
        </member>
        <member name="T:MahApps.Metro.IconPacks.PackIconFontAwesomeDataFactory">
            ******************************************
            This code is auto generated. Do not amend.
            ******************************************
        </member>
        <member name="M:MahApps.Metro.IconPacks.FontAwesomeImageExtension.GetPathData(System.Object)">
            <inheritdoc />
        </member>
        <member name="T:MahApps.Metro.IconPacks.PackIconFontAwesomeKind">
            ******************************************
            This code is auto generated. Do not amend.
            ******************************************
            <summary>
            List of available icons for use with <see cref="T:MahApps.Metro.IconPacks.PackIconFontAwesome" />.
            </summary>
            <remarks>
            All icons sourced from Font Awesome Free <see><cref>https://fontawesome.com/</cref></see> - License <see><cref>https://fontawesome.com/license/free</cref></see>
            GitHub <see><cref>https://github.com/FortAwesome/Font-Awesome</cref></see>
            </remarks>
        </member>
    </members>
</doc>
