<?xml version="1.0"?>
<doc>
    <assembly>
        <name>MahApps.Metro.IconPacks.PicolIcons</name>
    </assembly>
    <members>
        <member name="M:MahApps.Metro.IconPacks.Converter.PackIconPicolIconsKindToImageConverter.GetPathData(System.Object)">
            <inheritdoc />
        </member>
        <member name="T:MahApps.Metro.IconPacks.PackIconPicolIcons">
            <summary>
            The PICOL icons are licensed under [Artistic License 2.0, Attribution 3.0 Unported (CC BY 3.0)](<see><cref>https://creativecommons.org/licenses/by/3.0/</cref></see>).
            Contributions, corrections and requests can be made on GitHub <see><cref>https://github.com/PicolSigns/Icons</cref></see>.
            </summary>
        </member>
        <member name="P:MahApps.Metro.IconPacks.PackIconPicolIcons.Kind">
            <summary>
            Gets or sets the icon to display.
            </summary>
        </member>
        <member name="T:MahApps.Metro.IconPacks.PackIconPicolIconsDataFactory">
            ******************************************
            This code is auto generated. Do not amend.
            ******************************************
        </member>
        <member name="M:MahApps.Metro.IconPacks.PicolIconsImageExtension.GetPathData(System.Object)">
            <inheritdoc />
        </member>
        <member name="T:MahApps.Metro.IconPacks.PackIconPicolIconsKind">
            ******************************************
            This code is auto generated. Do not amend.
            ******************************************
            <summary>
            List of available icons for use with <see cref="T:MahApps.Metro.IconPacks.PackIconPicolIcons" />.
            </summary>
            <remarks>
            The PICOL icons are licensed under [Artistic License 2.0, Attribution 3.0 Unported (CC BY 3.0)](<see><cref>https://creativecommons.org/licenses/by/3.0/</cref></see>).
            Contributions, corrections and requests can be made on GitHub <see><cref>https://github.com/PicolSigns/Icons</cref></see>.
            </remarks>
        </member>
    </members>
</doc>
