<?xml version="1.0"?>
<doc>
    <assembly>
        <name>MahApps.Metro.IconPacks.Unicons</name>
    </assembly>
    <members>
        <member name="M:MahApps.Metro.IconPacks.Converter.PackIconUniconsKindToImageConverter.GetPathData(System.Object)">
            <inheritdoc />
        </member>
        <member name="T:MahApps.Metro.IconPacks.PackIconUnicons">
            <summary>
            Unicons are Open Source icons and licensed under [Apache 2.0](<see><cref>https://www.apache.org/licenses/LICENSE-2.0.txt</cref></see>). You're free to use these icons in your personal and commercial project. We would love to see the attribution in your app's **about** screen, but it's not mandatory.
            Contributions, corrections and requests can be made on GitHub <see><cref>https://github.com/Iconscout/unicons</cref></see>.
            </summary>
        </member>
        <member name="P:MahApps.Metro.IconPacks.PackIconUnicons.Kind">
            <summary>
            Gets or sets the icon to display.
            </summary>
        </member>
        <member name="T:MahApps.Metro.IconPacks.PackIconUniconsDataFactory">
            ******************************************
            This code is auto generated. Do not amend.
            ******************************************
        </member>
        <member name="M:MahApps.Metro.IconPacks.UniconsImageExtension.GetPathData(System.Object)">
            <inheritdoc />
        </member>
        <member name="T:MahApps.Metro.IconPacks.PackIconUniconsKind">
            ******************************************
            This code is auto generated. Do not amend.
            ******************************************
            <summary>
            List of available icons for use with <see cref="T:MahApps.Metro.IconPacks.PackIconUnicons" />.
            </summary>
            <remarks>
            Unicons are Open Source icons and licensed under [Apache 2.0](<see><cref>https://www.apache.org/licenses/LICENSE-2.0.txt</cref></see>). You're free to use these icons in your personal and commercial project. We would love to see the attribution in your app's **about** screen, but it's not mandatory.
            Contributions, corrections and requests can be made on GitHub <see><cref>https://github.com/Iconscout/unicons</cref></see>.
            </remarks>
        </member>
    </members>
</doc>
