<?xml version="1.0"?>
<doc>
    <assembly>
        <name>MahApps.Metro.IconPacks.MaterialLight</name>
    </assembly>
    <members>
        <member name="M:MahApps.Metro.IconPacks.Converter.PackIconMaterialLightKindToImageConverter.GetPathData(System.Object)">
            <inheritdoc />
        </member>
        <member name="T:MahApps.Metro.IconPacks.PackIconMaterialLight">
            <summary>
            All icons sourced from Material Design Light Icons - <see><cref>https://github.com/Templarian/MaterialDesignLight</cref></see> - in accordance of
            <see><cref>https://github.com/Templarian/MaterialDesignLight/blob/master/LICENSE.md</cref></see>.
            </summary>
        </member>
        <member name="P:MahApps.Metro.IconPacks.PackIconMaterialLight.Kind">
            <summary>
            Gets or sets the icon to display.
            </summary>
        </member>
        <member name="T:MahApps.Metro.IconPacks.PackIconMaterialLightDataFactory">
            ******************************************
            This code is auto generated. Do not amend.
            ******************************************
        </member>
        <member name="M:MahApps.Metro.IconPacks.MaterialLightImageExtension.GetPathData(System.Object)">
            <inheritdoc />
        </member>
        <member name="T:MahApps.Metro.IconPacks.PackIconMaterialLightKind">
            ******************************************
            This code is auto generated. Do not amend.
            ******************************************
            <summary>
            List of available icons for use with <see cref="T:MahApps.Metro.IconPacks.PackIconMaterialLight" />.
            </summary>
            <remarks>
            All icons sourced from Material Design Light Icons - <see><cref>https://github.com/Templarian/MaterialDesignLight</cref></see> - in accordance of
            <see><cref>https://github.com/Templarian/MaterialDesignLight/blob/master/LICENSE.md</cref></see>.
            </remarks>
        </member>
    </members>
</doc>
